{"_timestamp":1.7367794247689083e+09,"_runtime":3.3970862,"_step":0,"train_loss":2.321981430053711,"_wandb":{"runtime":3},"train_accuracy":0.125}