{"_wandb":{"runtime":181},"train_loss":0.03371218591928482,"train_accuracy":1,"_timestamp":1.7366061299675095e+09,"_runtime":181.3329615,"_step":9379}